,DataType.OPEN,DataType.HIGH,DataType.LOW,DataType.CLOSE,DataType.VOLUME,DataType.COUNT,DataType.DATE,DataType.STRIKEPRICE,DataType.EXPIRY
0,62.800000000000004,62.800000000000004,62.800000000000004,62.800000000000004,1,1,2022-02-14,105,2022-04-01
1,67.11,67.11,67.11,67.11,1,1,2022-02-15,105,2022-04-01
2,68.2,68.2,68.2,68.2,1,1,2022-02-16,105,2022-04-01
3,61.5,61.5,61.5,61.5,1,1,2022-02-18,105,2022-04-01
4,57.550000000000004,57.550000000000004,57.550000000000004,57.550000000000004,10,2,2022-02-24,105,2022-04-01
5,60.1,60.1,60.1,60.1,15,1,2022-02-25,105,2022-04-01
6,61.88,62.050000000000004,61.88,62.050000000000004,11,2,2022-03-02,105,2022-04-01
7,61.95,61.95,61.95,61.95,1,1,2022-03-03,105,2022-04-01
8,58.86,58.89,58.86,58.89,10,3,2022-03-07,105,2022-04-01
9,46.2,46.2,46.2,46.2,1,1,2022-03-14,105,2022-04-01
10,50.2,50.2,50.2,50.2,1,1,2022-03-15,105,2022-04-01
11,52.050000000000004,52.050000000000004,50.25,50.25,2,2,2022-03-16,105,2022-04-01
12,54.79,54.79,54.79,54.79,1,1,2022-03-17,105,2022-04-01
13,63.800000000000004,63.800000000000004,63.800000000000004,63.800000000000004,1,1,2022-03-22,105,2022-04-01
14,65.14,65.14,65.14,65.14,1,1,2022-03-23,105,2022-04-01
15,72.53,72.53,72.11,72.11,3,2,2022-03-29,105,2022-04-01
16,72.7,73.15,72.7,73.15,25,2,2022-03-30,105,2022-04-01
17,71.46000000000001,71.46000000000001,70.4,70.4,6,5,2022-03-31,105,2022-04-01
18,68.55,68.94,67.98,67.98,6,6,2022-04-01,105,2022-04-01
19,61.230000000000004,61.230000000000004,61.230000000000004,61.230000000000004,20,1,2022-02-17,110,2022-04-01
20,51.92,51.92,51.92,51.92,20,1,2022-02-23,110,2022-04-01
21,48.7,48.7,48.7,48.7,80,2,2022-02-24,110,2022-04-01
22,51.2,51.2,51.2,51.2,1,1,2022-03-07,110,2022-04-01
23,47.7,47.7,47.7,47.7,80,1,2022-03-11,110,2022-04-01
24,55.650000000000006,55.650000000000006,55.650000000000006,55.650000000000006,1,1,2022-03-21,110,2022-04-01
25,62.0,62.0,62.0,62.0,8,1,2022-03-23,110,2022-04-01
26,61.88,61.88,61.88,61.88,2,1,2022-03-28,110,2022-04-01
27,63.050000000000004,63.050000000000004,63.050000000000004,63.050000000000004,1,1,2022-04-01,110,2022-04-01
28,52.510000000000005,52.510000000000005,52.42,52.42,20,2,2022-03-02,115,2022-04-01
29,35.800000000000004,36.28,35.800000000000004,36.28,5,4,2022-03-14,115,2022-04-01
30,36.800000000000004,36.800000000000004,36.800000000000004,36.800000000000004,3,1,2022-03-15,115,2022-04-01
31,55.88,55.940000000000005,55.88,55.940000000000005,5,2,2022-03-23,115,2022-04-01
32,57.38,57.38,57.38,57.38,1,1,2022-03-28,115,2022-04-01
33,62.720000000000006,62.730000000000004,62.720000000000006,62.720000000000006,20,6,2022-03-29,115,2022-04-01
34,63.75,63.75,63.75,63.75,1,1,2022-03-30,115,2022-04-01
35,52.57,52.57,52.57,52.57,1,1,2022-02-15,120,2022-04-01
36,44.900000000000006,44.900000000000006,44.900000000000006,44.900000000000006,1,1,2022-02-22,120,2022-04-01
37,46.32,46.32,46.32,46.32,20,3,2022-03-03,120,2022-04-01
38,38.9,38.9,36.65,36.65,23,5,2022-03-11,120,2022-04-01
39,32.800000000000004,32.800000000000004,30.92,31.200000000000003,8,6,2022-03-14,120,2022-04-01
40,37.2,37.4,37.2,37.4,3,2,2022-03-16,120,2022-04-01
41,44.09,44.09,43.96,43.96,23,2,2022-03-21,120,2022-04-01
42,50.650000000000006,50.96,50.650000000000006,50.96,8,3,2022-03-23,120,2022-04-01
43,52.370000000000005,53.730000000000004,52.370000000000005,53.730000000000004,2,2,2022-03-28,120,2022-04-01
44,57.760000000000005,57.760000000000005,57.760000000000005,57.760000000000005,1,1,2022-03-29,120,2022-04-01
45,56.88,56.88,56.88,56.88,1,1,2022-03-31,120,2022-04-01
46,53.95,53.95,53.95,53.95,1,1,2022-04-01,120,2022-04-01
47,40.0,40.0,40.0,40.0,1,1,2022-02-25,125,2022-04-01
48,39.0,39.0,39.0,39.0,1,1,2022-02-28,125,2022-04-01
49,41.510000000000005,41.510000000000005,41.510000000000005,41.510000000000005,1,1,2022-03-03,125,2022-04-01
50,33.6,33.6,33.6,33.6,1,1,2022-03-11,125,2022-04-01
51,29.240000000000002,29.240000000000002,29.240000000000002,29.240000000000002,5,1,2022-03-14,125,2022-04-01
52,39.09,39.09,39.09,39.09,6,1,2022-03-21,125,2022-04-01
53,43.75,46.52,43.75,46.52,12,3,2022-03-23,125,2022-04-01
54,52.970000000000006,52.970000000000006,52.970000000000006,52.970000000000006,1,1,2022-03-30,125,2022-04-01
55,35.78,35.78,35.78,35.78,10,1,2022-02-23,130,2022-04-01
56,26.05,26.05,26.05,26.05,1,1,2022-02-24,130,2022-04-01
57,34.800000000000004,34.800000000000004,34.5,34.5,413,5,2022-02-25,130,2022-04-01
58,35.550000000000004,35.550000000000004,35.550000000000004,35.550000000000004,1,1,2022-02-28,130,2022-04-01
59,34.690000000000005,34.690000000000005,34.690000000000005,34.690000000000005,1,1,2022-03-04,130,2022-04-01
60,32.940000000000005,32.95,32.940000000000005,32.95,20,2,2022-03-07,130,2022-04-01
61,30.96,33.15,30.96,33.15,21,2,2022-03-09,130,2022-04-01
62,27.6,27.6,27.6,27.6,5,1,2022-03-10,130,2022-04-01
63,25.900000000000002,25.900000000000002,25.900000000000002,25.900000000000002,1,1,2022-03-11,130,2022-04-01
64,21.900000000000002,21.900000000000002,21.900000000000002,21.900000000000002,5,1,2022-03-14,130,2022-04-01
65,28.5,28.5,28.5,28.5,1,1,2022-03-16,130,2022-04-01
66,31.8,34.43,31.770000000000003,34.43,4,4,2022-03-18,130,2022-04-01
67,33.75,34.13,33.75,34.13,4,2,2022-03-21,130,2022-04-01
68,40.65,40.65,40.65,40.65,3,1,2022-03-23,130,2022-04-01
69,43.1,43.1,43.1,43.1,10,1,2022-03-24,130,2022-04-01
70,43.11,43.59,43.11,43.59,7,3,2022-03-25,130,2022-04-01
71,44.6,44.6,44.6,44.6,102,4,2022-03-28,130,2022-04-01
72,48.0,48.75,48.0,48.75,301,13,2022-03-29,130,2022-04-01
73,46.580000000000005,46.580000000000005,46.22,46.22,10,2,2022-03-31,130,2022-04-01
74,43.25,44.0,43.0,44.0,8,7,2022-04-01,130,2022-04-01
75,35.25,35.25,35.25,35.25,40,1,2022-02-17,135,2022-04-01
76,32.95,32.95,32.95,32.95,1,1,2022-02-18,135,2022-04-01
77,31.8,31.8,31.8,31.8,5,1,2022-02-22,135,2022-04-01
78,29.67,30.75,29.67,30.75,23,7,2022-02-28,135,2022-04-01
79,31.5,31.5,31.5,31.5,1,1,2022-03-01,135,2022-04-01
80,32.550000000000004,32.550000000000004,32.550000000000004,32.550000000000004,1,1,2022-03-02,135,2022-04-01
81,31.770000000000003,33.120000000000005,31.770000000000003,33.120000000000005,11,2,2022-03-03,135,2022-04-01
82,27.67,27.67,26.42,26.42,3,3,2022-03-07,135,2022-04-01
83,22.35,22.400000000000002,22.35,22.400000000000002,10,2,2022-03-08,135,2022-04-01
84,25.28,25.28,23.700000000000003,24.75,5,4,2022-03-10,135,2022-04-01
85,23.5,23.5,20.6,20.6,13,4,2022-03-11,135,2022-04-01
86,16.91,16.91,16.91,16.91,25,2,2022-03-14,135,2022-04-01
87,17.25,21.0,17.25,21.0,50,6,2022-03-15,135,2022-04-01
88,22.900000000000002,25.0,21.25,25.0,7,3,2022-03-16,135,2022-04-01
89,24.330000000000002,24.880000000000003,24.330000000000002,24.880000000000003,3,3,2022-03-17,135,2022-04-01
90,27.1,29.55,27.1,29.55,27,3,2022-03-18,135,2022-04-01
91,30.1,30.6,30.1,30.6,2,2,2022-03-21,135,2022-04-01
92,33.67,34.0,33.67,33.97,41,7,2022-03-22,135,2022-04-01
93,36.9,36.9,36.9,36.9,40,3,2022-03-23,135,2022-04-01
94,38.45,39.800000000000004,38.370000000000005,39.800000000000004,21,3,2022-03-25,135,2022-04-01
95,42.330000000000005,43.82,42.330000000000005,43.82,6,3,2022-03-29,135,2022-04-01
96,43.980000000000004,43.980000000000004,42.53,42.53,3,2,2022-03-30,135,2022-04-01
97,35.08,35.08,35.08,35.08,1,1,2022-02-10,140,2022-04-01
98,30.240000000000002,30.240000000000002,30.240000000000002,30.240000000000002,1,1,2022-02-14,140,2022-04-01
99,32.230000000000004,32.36,32.230000000000004,32.36,52,3,2022-02-16,140,2022-04-01
100,32.050000000000004,32.050000000000004,30.8,30.8,20,2,2022-02-17,140,2022-04-01
101,28.87,28.87,28.87,28.87,15,1,2022-02-18,140,2022-04-01
102,27.200000000000003,27.200000000000003,27.0,27.0,5,2,2022-02-22,140,2022-04-01
103,24.96,24.96,24.96,24.96,5,5,2022-02-23,140,2022-04-01
104,17.6,22.82,17.6,22.82,13,10,2022-02-24,140,2022-04-01
105,22.75,24.3,22.75,24.3,16,3,2022-02-25,140,2022-04-01
106,24.32,25.060000000000002,24.32,24.5,7,4,2022-02-28,140,2022-04-01
107,26.96,26.96,24.0,24.0,12,3,2022-03-01,140,2022-04-01
108,26.0,27.51,26.0,27.51,6,2,2022-03-02,140,2022-04-01
109,29.0,29.0,27.07,28.0,25,7,2022-03-03,140,2022-04-01
110,25.650000000000002,25.650000000000002,24.5,24.5,7,2,2022-03-04,140,2022-04-01
111,24.900000000000002,24.900000000000002,21.540000000000003,21.540000000000003,14,6,2022-03-07,140,2022-04-01
112,18.76,23.5,18.76,19.85,162,47,2022-03-08,140,2022-04-01
113,20.95,23.26,20.95,23.03,12,8,2022-03-09,140,2022-04-01
114,19.0,19.0,19.0,19.0,1,1,2022-03-10,140,2022-04-01
115,18.5,18.5,16.5,16.5,24,11,2022-03-11,140,2022-04-01
116,14.25,15.3,12.620000000000001,12.620000000000001,80,16,2022-03-14,140,2022-04-01
117,13.5,16.330000000000002,12.75,16.150000000000002,303,32,2022-03-15,140,2022-04-01
118,17.55,19.150000000000002,15.9,18.5,1291,96,2022-03-16,140,2022-04-01
119,18.55,20.7,18.55,20.7,283,21,2022-03-17,140,2022-04-01
120,20.650000000000002,24.67,20.650000000000002,24.67,156,12,2022-03-18,140,2022-04-01
121,24.3,24.3,24.07,24.07,3,2,2022-03-21,140,2022-04-01
122,27.150000000000002,29.35,27.150000000000002,29.040000000000003,197,19,2022-03-22,140,2022-04-01
123,32.1,32.1,31.85,31.85,51,2,2022-03-23,140,2022-04-01
124,30.55,32.18,30.55,32.18,62,5,2022-03-24,140,2022-04-01
125,33.1,33.300000000000004,33.010000000000005,33.29,89,13,2022-03-25,140,2022-04-01
126,33.4,35.300000000000004,33.4,35.300000000000004,27,10,2022-03-28,140,2022-04-01
127,37.43,37.43,36.58,36.58,13,4,2022-03-29,140,2022-04-01
128,38.63,38.63,38.300000000000004,38.300000000000004,5,2,2022-03-30,140,2022-04-01
129,37.0,37.03,36.260000000000005,36.260000000000005,12,3,2022-03-31,140,2022-04-01
130,34.15,34.15,32.5,32.56,203,23,2022-04-01,140,2022-04-01
131,25.35,25.35,25.35,25.35,1,1,2022-02-11,145,2022-04-01
132,25.57,25.57,24.57,24.57,2,2,2022-02-14,145,2022-04-01
133,27.1,27.1,27.1,27.1,1,1,2022-02-16,145,2022-04-01
134,23.720000000000002,23.720000000000002,23.720000000000002,23.720000000000002,1,1,2022-02-18,145,2022-04-01
135,21.900000000000002,21.900000000000002,20.900000000000002,20.900000000000002,2,2,2022-02-22,145,2022-04-01
136,15.450000000000001,18.5,15.4,18.5,209,36,2022-02-24,145,2022-04-01
137,21.400000000000002,21.400000000000002,21.400000000000002,21.400000000000002,1,1,2022-02-28,145,2022-04-01
138,22.32,22.32,21.0,21.0,4,4,2022-03-01,145,2022-04-01
139,20.35,22.25,20.23,22.25,7,5,2022-03-02,145,2022-04-01
140,24.150000000000002,24.5,22.02,22.02,68,9,2022-03-03,145,2022-04-01
141,20.25,20.35,19.45,19.8,13,5,2022-03-04,145,2022-04-01
142,20.150000000000002,20.150000000000002,19.77,19.77,2,2,2022-03-07,145,2022-04-01
143,14.450000000000001,18.900000000000002,14.450000000000001,16.080000000000002,91,27,2022-03-08,145,2022-04-01
144,18.02,18.95,18.02,18.95,12,4,2022-03-09,145,2022-04-01
145,15.700000000000001,15.700000000000001,13.770000000000001,15.3,140,20,2022-03-10,145,2022-04-01
146,15.350000000000001,15.350000000000001,12.3,12.360000000000001,204,20,2022-03-11,145,2022-04-01
147,10.1,11.15,9.0,9.0,60,33,2022-03-14,145,2022-04-01
148,9.25,11.700000000000001,9.0,11.700000000000001,58,17,2022-03-15,145,2022-04-01
149,13.100000000000001,15.010000000000002,11.950000000000001,15.010000000000002,287,40,2022-03-16,145,2022-04-01
150,15.5,15.81,15.32,15.81,32,4,2022-03-17,145,2022-04-01
151,15.860000000000001,19.07,15.860000000000001,19.07,85,11,2022-03-18,145,2022-04-01
152,19.35,19.76,18.79,19.76,31,8,2022-03-21,145,2022-04-01
153,23.1,23.3,23.1,23.3,6,2,2022-03-22,145,2022-04-01
154,26.3,26.3,26.3,26.3,56,1,2022-03-23,145,2022-04-01
155,27.150000000000002,27.150000000000002,25.630000000000003,25.630000000000003,49,4,2022-03-24,145,2022-04-01
156,28.450000000000003,30.3,28.200000000000003,28.400000000000002,138,20,2022-03-25,145,2022-04-01
157,31.6,33.25,31.6,33.25,2,2,2022-03-29,145,2022-04-01
158,33.67,33.67,32.85,33.29,61,4,2022-03-30,145,2022-04-01
159,31.040000000000003,32.14,29.85,30.35,49,4,2022-03-31,145,2022-04-01
160,28.900000000000002,29.450000000000003,27.450000000000003,28.060000000000002,55,11,2022-04-01,145,2022-04-01
161,25.970000000000002,25.970000000000002,24.09,24.09,88,8,2022-02-10,150,2022-04-01
162,23.080000000000002,23.92,21.3,21.3,80,4,2022-02-11,150,2022-04-01
163,21.060000000000002,21.130000000000003,19.900000000000002,20.900000000000002,43,7,2022-02-14,150,2022-04-01
164,22.55,23.720000000000002,22.55,23.720000000000002,2,2,2022-02-15,150,2022-04-01
165,23.55,24.400000000000002,23.55,24.35,113,11,2022-02-16,150,2022-04-01
166,19.650000000000002,19.8,19.5,19.5,22,3,2022-02-18,150,2022-04-01
167,17.0,18.04,15.350000000000001,16.46,20,9,2022-02-22,150,2022-04-01
168,16.04,16.04,13.5,13.5,4,3,2022-02-23,150,2022-04-01
169,9.15,14.5,9.15,14.5,138,32,2022-02-24,150,2022-04-01
170,14.950000000000001,16.8,13.84,16.7,263,45,2022-02-25,150,2022-04-01
171,15.610000000000001,16.95,15.3,15.75,29,5,2022-02-28,150,2022-04-01
172,17.1,17.1,15.190000000000001,15.190000000000001,6,4,2022-03-01,150,2022-04-01
173,16.55,18.5,15.88,18.5,6,6,2022-03-02,150,2022-04-01
174,18.04,18.45,17.92,18.45,16,4,2022-03-03,150,2022-04-01
175,16.5,16.5,15.190000000000001,15.190000000000001,50,12,2022-03-04,150,2022-04-01
176,16.12,16.12,13.55,13.55,31,8,2022-03-07,150,2022-04-01
177,10.48,14.82,10.48,11.040000000000001,135,24,2022-03-08,150,2022-04-01
178,13.5,14.600000000000001,12.8,14.600000000000001,59,20,2022-03-09,150,2022-04-01
179,12.25,12.25,9.55,11.15,73,28,2022-03-10,150,2022-04-01
180,11.3,11.3,8.3,8.3,82,37,2022-03-11,150,2022-04-01
181,6.46,7.6000000000000005,5.55,5.65,840,227,2022-03-14,150,2022-04-01
182,6.0200000000000005,8.18,5.45,8.08,1668,215,2022-03-15,150,2022-04-01
183,8.25,11.18,7.8100000000000005,11.18,510,98,2022-03-16,150,2022-04-01
184,10.200000000000001,11.4,9.5,11.32,288,87,2022-03-17,150,2022-04-01
185,11.3,14.930000000000001,11.18,14.260000000000002,1186,90,2022-03-18,150,2022-04-01
186,14.700000000000001,16.5,13.700000000000001,15.75,280,62,2022-03-21,150,2022-04-01
187,15.4,19.25,15.4,18.900000000000002,220,59,2022-03-22,150,2022-04-01
188,18.25,22.51,18.0,20.62,1435,83,2022-03-23,150,2022-04-01
189,21.6,23.23,21.0,23.23,53,18,2022-03-24,150,2022-04-01
190,23.55,25.26,23.1,24.0,203,41,2022-03-25,150,2022-04-01
191,22.28,25.650000000000002,22.14,25.650000000000002,100,27,2022-03-28,150,2022-04-01
192,27.220000000000002,29.0,26.8,29.0,54,16,2022-03-29,150,2022-04-01
193,29.1,29.1,26.8,27.200000000000003,44,19,2022-03-30,150,2022-04-01
194,26.400000000000002,27.03,24.86,25.12,24,8,2022-03-31,150,2022-04-01
195,24.0,24.0,22.0,23.310000000000002,296,28,2022-04-01,150,2022-04-01
196,19.91,19.91,19.91,19.91,1,1,2022-02-10,155,2022-04-01
197,18.77,18.77,18.77,18.77,11,1,2022-02-11,155,2022-04-01
198,16.740000000000002,17.35,16.740000000000002,17.35,34,6,2022-02-14,155,2022-04-01
199,17.98,17.98,17.98,17.98,10,2,2022-02-15,155,2022-04-01
200,19.25,19.900000000000002,19.25,19.900000000000002,6,2,2022-02-16,155,2022-04-01
201,15.850000000000001,15.850000000000001,15.350000000000001,15.350000000000001,22,7,2022-02-18,155,2022-04-01
202,13.350000000000001,13.55,12.4,12.780000000000001,50,7,2022-02-22,155,2022-04-01
203,12.3,12.3,9.89,9.89,177,10,2022-02-23,155,2022-04-01
204,6.6000000000000005,11.25,6.6000000000000005,11.25,230,71,2022-02-24,155,2022-04-01
205,10.950000000000001,12.55,10.0,12.350000000000001,67,28,2022-02-25,155,2022-04-01
206,11.600000000000001,12.65,11.5,11.72,62,18,2022-02-28,155,2022-04-01
207,13.65,13.8,11.26,11.360000000000001,28,12,2022-03-01,155,2022-04-01
208,12.15,14.200000000000001,11.950000000000001,14.200000000000001,24,11,2022-03-02,155,2022-04-01
209,15.15,15.15,14.290000000000001,14.760000000000002,7,4,2022-03-03,155,2022-04-01
210,12.620000000000001,12.9,11.25,11.700000000000001,85,26,2022-03-04,155,2022-04-01
211,11.700000000000001,11.790000000000001,9.08,9.08,34,15,2022-03-07,155,2022-04-01
212,8.700000000000001,10.8,6.79,7.4,786,96,2022-03-08,155,2022-04-01
213,9.42,10.9,8.700000000000001,10.9,144,59,2022-03-09,155,2022-04-01
214,8.9,8.9,6.2,7.3500000000000005,1659,163,2022-03-10,155,2022-04-01
215,7.050000000000001,7.6000000000000005,5.1000000000000005,5.1000000000000005,1150,250,2022-03-11,155,2022-04-01
216,3.6,4.51,3.08,3.1500000000000004,2050,573,2022-03-14,155,2022-04-01
217,3.2,5.0,3.0,4.8,2269,547,2022-03-15,155,2022-04-01
218,5.800000000000001,7.12,4.2,7.12,1650,417,2022-03-16,155,2022-04-01
219,6.3500000000000005,7.42,5.640000000000001,7.42,323,136,2022-03-17,155,2022-04-01
220,7.25,10.35,6.95,9.700000000000001,628,157,2022-03-18,155,2022-04-01
221,9.700000000000001,11.9,9.200000000000001,10.270000000000001,258,108,2022-03-21,155,2022-04-01
222,11.200000000000001,14.74,11.200000000000001,13.950000000000001,304,74,2022-03-22,155,2022-04-01
223,13.370000000000001,17.6,13.370000000000001,15.870000000000001,286,65,2022-03-23,155,2022-04-01
224,16.42,18.82,15.83,18.78,566,44,2022-03-24,155,2022-04-01
225,18.3,20.290000000000003,18.2,19.0,117,55,2022-03-25,155,2022-04-01
226,17.35,20.17,17.35,20.14,380,35,2022-03-28,155,2022-04-01
227,22.080000000000002,23.900000000000002,21.5,23.830000000000002,69,31,2022-03-29,155,2022-04-01
228,23.98,24.0,21.810000000000002,22.400000000000002,41,22,2022-03-30,155,2022-04-01
229,21.2,22.150000000000002,20.400000000000002,20.400000000000002,134,25,2022-03-31,155,2022-04-01
230,18.92,19.07,17.17,19.07,696,65,2022-04-01,155,2022-04-01
231,15.100000000000001,15.100000000000001,15.100000000000001,15.100000000000001,5,1,2022-02-11,160,2022-04-01
232,11.83,13.16,11.83,13.030000000000001,27,6,2022-02-14,160,2022-04-01
233,13.950000000000001,13.950000000000001,13.950000000000001,13.950000000000001,10,2,2022-02-15,160,2022-04-01
234,16.0,16.0,13.950000000000001,15.200000000000001,6,5,2022-02-16,160,2022-04-01
235,13.15,13.15,12.8,12.8,225,2,2022-02-17,160,2022-04-01
236,12.3,12.3,11.200000000000001,11.600000000000001,341,8,2022-02-18,160,2022-04-01
237,9.9,9.9,8.200000000000001,8.88,59,16,2022-02-22,160,2022-04-01
238,10.05,10.05,6.65,6.65,269,47,2022-02-23,160,2022-04-01
239,4.05,7.9,4.05,7.9,543,160,2022-02-24,160,2022-04-01
240,8.5,8.8,6.800000000000001,8.610000000000001,374,87,2022-02-25,160,2022-04-01
241,7.9,9.05,7.630000000000001,9.040000000000001,1431,119,2022-02-28,160,2022-04-01
242,9.17,10.0,7.65,8.200000000000001,1910,101,2022-03-01,160,2022-04-01
243,8.5,10.42,7.86,10.15,873,74,2022-03-02,160,2022-04-01
244,10.940000000000001,11.3,9.3,9.55,809,57,2022-03-03,160,2022-04-01
245,9.0,9.33,7.5,7.95,492,131,2022-03-04,160,2022-04-01
246,7.95,8.8,5.760000000000001,5.9,3633,179,2022-03-07,160,2022-04-01
247,5.55,7.3500000000000005,4.1000000000000005,4.6000000000000005,4886,380,2022-03-08,160,2022-04-01
248,6.4,7.2700000000000005,5.4,6.99,606,166,2022-03-09,160,2022-04-01
249,5.800000000000001,5.800000000000001,3.5,4.3500000000000005,2965,522,2022-03-10,160,2022-04-01
250,4.65,4.65,2.74,2.74,2979,688,2022-03-11,160,2022-04-01
251,1.79,2.25,1.48,1.53,5500,925,2022-03-14,160,2022-04-01
252,1.56,2.5,1.3900000000000001,2.35,4552,794,2022-03-15,160,2022-04-01
253,3.0,3.8000000000000003,1.9300000000000002,3.72,6859,1337,2022-03-16,160,2022-04-01
254,3.18,4.1000000000000005,2.75,4.1000000000000005,3963,1039,2022-03-17,160,2022-04-01
255,3.8000000000000003,6.16,3.5,5.800000000000001,4629,1080,2022-03-18,160,2022-04-01
256,5.5200000000000005,7.5,5.08,6.800000000000001,1526,556,2022-03-21,160,2022-04-01
257,6.75,10.030000000000001,6.5,9.6,1867,465,2022-03-22,160,2022-04-01
258,8.81,12.940000000000001,8.65,10.85,778,240,2022-03-23,160,2022-04-01
259,11.620000000000001,14.450000000000001,10.8,14.450000000000001,896,209,2022-03-24,160,2022-04-01
260,13.99,15.350000000000001,13.0,14.75,1102,221,2022-03-25,160,2022-04-01
261,12.600000000000001,15.5,12.450000000000001,15.5,817,153,2022-03-28,160,2022-04-01
262,17.0,18.900000000000002,16.5,18.900000000000002,477,127,2022-03-29,160,2022-04-01
263,18.900000000000002,19.6,16.8,17.45,861,138,2022-03-30,160,2022-04-01
264,17.75,17.75,15.120000000000001,15.370000000000001,398,84,2022-03-31,160,2022-04-01
265,14.25,14.5,12.100000000000001,14.350000000000001,1066,205,2022-04-01,160,2022-04-01
266,11.65,11.65,11.65,11.65,1,1,2022-02-10,165,2022-04-01
267,11.47,11.47,9.450000000000001,10.200000000000001,62,16,2022-02-11,165,2022-04-01
268,9.25,9.700000000000001,8.700000000000001,9.0,106,28,2022-02-14,165,2022-04-01
269,10.6,11.4,10.5,11.4,31,13,2022-02-15,165,2022-04-01
270,10.75,10.75,10.35,10.35,84,14,2022-02-16,165,2022-04-01
271,10.67,10.76,9.450000000000001,9.5,52,14,2022-02-17,165,2022-04-01
272,9.1,9.1,7.75,8.24,108,40,2022-02-18,165,2022-04-01
273,6.800000000000001,7.11,5.25,5.88,430,108,2022-02-22,165,2022-04-01
274,6.550000000000001,6.75,4.1000000000000005,4.2,338,112,2022-02-23,165,2022-04-01
275,2.13,4.98,2.13,4.8500000000000005,534,166,2022-02-24,165,2022-04-01
276,5.3,5.6000000000000005,4.05,5.5,6305,292,2022-02-25,165,2022-04-01
277,5.05,5.8500000000000005,4.7,5.8500000000000005,1524,269,2022-02-28,165,2022-04-01
278,5.75,6.58,4.75,5.2,813,202,2022-03-01,165,2022-04-01
279,5.65,6.95,4.970000000000001,6.6000000000000005,1215,224,2022-03-02,165,2022-04-01
280,7.3100000000000005,7.54,6.0,6.2,989,150,2022-03-03,165,2022-04-01
281,5.65,5.930000000000001,4.640000000000001,5.0,1914,270,2022-03-04,165,2022-04-01
282,4.87,5.65,3.35,3.5,5917,333,2022-03-07,165,2022-04-01
283,3.1,4.4,2.22,2.44,2835,433,2022-03-08,165,2022-04-01
284,3.7,4.29,2.8000000000000003,4.15,1427,360,2022-03-09,165,2022-04-01
285,3.0500000000000003,3.0500000000000003,1.7100000000000002,2.1,3129,516,2022-03-10,165,2022-04-01
286,2.27,2.27,1.27,1.3,2728,482,2022-03-11,165,2022-04-01
287,0.87,0.9500000000000001,0.64,0.67,4218,658,2022-03-14,165,2022-04-01
288,0.6,1.0,0.5800000000000001,0.9400000000000001,2322,552,2022-03-15,165,2022-04-01
289,1.26,1.6,0.7100000000000001,1.56,4918,752,2022-03-16,165,2022-04-01
290,1.26,1.6,1.03,1.6,3073,728,2022-03-17,165,2022-04-01
291,1.56,2.85,1.33,2.6,10161,2336,2022-03-18,165,2022-04-01
292,2.35,3.8000000000000003,2.13,3.3000000000000003,12094,2866,2022-03-21,165,2022-04-01
293,3.3000000000000003,5.79,2.98,5.3500000000000005,9056,1753,2022-03-22,165,2022-04-01
294,4.7,8.43,4.45,6.36,4809,912,2022-03-23,165,2022-04-01
295,7.090000000000001,9.5,6.3500000000000005,9.5,3277,643,2022-03-24,165,2022-04-01
296,9.0,10.55,8.25,10.0,8603,681,2022-03-25,165,2022-04-01
297,7.75,10.75,7.37,10.75,2121,345,2022-03-28,165,2022-04-01
298,12.18,14.0,11.690000000000001,14.0,2135,289,2022-03-29,165,2022-04-01
299,13.5,14.600000000000001,11.8,12.520000000000001,1358,230,2022-03-30,165,2022-04-01
300,12.780000000000001,12.780000000000001,9.5,9.55,1029,273,2022-03-31,165,2022-04-01
301,9.15,9.71,7.0,9.39,7042,513,2022-04-01,165,2022-04-01
302,9.450000000000001,10.15,8.3,8.3,32,13,2022-02-10,170,2022-04-01
303,8.35,8.35,6.5,6.8500000000000005,219,68,2022-02-11,170,2022-04-01
304,6.03,6.75,5.75,6.2,526,73,2022-02-14,170,2022-04-01
305,7.19,8.25,6.95,8.25,122,34,2022-02-15,170,2022-04-01
306,7.82,8.4,6.8500000000000005,7.8500000000000005,122,43,2022-02-16,170,2022-04-01
307,7.010000000000001,7.65,6.17,6.300000000000001,279,72,2022-02-17,170,2022-04-01
308,6.88,6.88,5.0,5.0,364,70,2022-02-18,170,2022-04-01
309,4.17,4.5,3.1,3.5,305,129,2022-02-22,170,2022-04-01
310,4.0600000000000005,4.0600000000000005,2.29,2.37,389,114,2022-02-23,170,2022-04-01
311,1.3900000000000001,2.7800000000000002,1.1700000000000002,2.7600000000000002,728,202,2022-02-24,170,2022-04-01
312,3.2,3.2,2.27,3.0500000000000003,2284,250,2022-02-25,170,2022-04-01
313,2.8400000000000003,3.27,2.56,3.25,1070,257,2022-02-28,170,2022-04-01
314,3.2,3.85,2.6,3.0,5507,458,2022-03-01,170,2022-04-01
315,3.1500000000000004,4.07,2.69,3.8000000000000003,3016,370,2022-03-02,170,2022-04-01
316,4.4,4.55,3.4200000000000004,3.5500000000000003,2526,423,2022-03-03,170,2022-04-01
317,3.3000000000000003,3.41,2.46,2.7,2168,419,2022-03-04,170,2022-04-01
318,2.65,3.1500000000000004,1.7000000000000002,1.77,1738,358,2022-03-07,170,2022-04-01
319,1.54,2.29,1.08,1.21,3080,465,2022-03-08,170,2022-04-01
320,1.86,2.08,1.28,1.9800000000000002,2612,436,2022-03-09,170,2022-04-01
321,1.4400000000000002,1.4400000000000002,0.73,0.9500000000000001,3595,530,2022-03-10,170,2022-04-01
322,1.0,1.0,0.54,0.5700000000000001,4236,526,2022-03-11,170,2022-04-01
323,0.35000000000000003,0.43,0.27,0.3,3401,429,2022-03-14,170,2022-04-01
324,0.3,0.37,0.25,0.34,3857,388,2022-03-15,170,2022-04-01
325,0.45,0.51,0.25,0.51,2442,504,2022-03-16,170,2022-04-01
326,0.44,0.47000000000000003,0.33,0.47000000000000003,2654,379,2022-03-17,170,2022-04-01
327,0.44,0.9400000000000001,0.39,0.81,10519,1473,2022-03-18,170,2022-04-01
328,0.74,1.4000000000000001,0.4,1.1,18327,3909,2022-03-21,170,2022-04-01
329,1.03,2.44,0.9400000000000001,2.1,61027,7756,2022-03-22,170,2022-04-01
330,1.77,4.55,1.6800000000000002,3.0,36114,6868,2022-03-23,170,2022-04-01
331,3.4200000000000004,5.25,2.96,5.25,21455,3321,2022-03-24,170,2022-04-01
332,4.76,6.1000000000000005,4.24,5.49,10279,2029,2022-03-25,170,2022-04-01
333,4.2,6.1000000000000005,3.5,5.760000000000001,6006,1356,2022-03-28,170,2022-04-01
334,7.03,9.1,6.6000000000000005,9.1,4328,950,2022-03-29,170,2022-04-01
335,9.030000000000001,9.8,6.9,7.75,2925,545,2022-03-30,170,2022-04-01
336,7.800000000000001,7.96,4.6000000000000005,4.6000000000000005,5633,816,2022-03-31,170,2022-04-01
337,4.25,4.95,2.08,4.33,12171,1601,2022-04-01,170,2022-04-01
338,6.75,6.75,5.53,5.53,78,19,2022-02-10,175,2022-04-01
339,5.75,5.75,4.3500000000000005,4.51,599,57,2022-02-11,175,2022-04-01
340,3.87,4.3500000000000005,3.7,4.3,82,41,2022-02-14,175,2022-04-01
341,4.78,5.1000000000000005,4.3500000000000005,4.95,165,50,2022-02-15,175,2022-04-01
342,5.05,5.5,4.25,5.0,176,56,2022-02-16,175,2022-04-01
343,4.75,4.8,3.8000000000000003,3.85,678,80,2022-02-17,175,2022-04-01
344,4.220000000000001,4.220000000000001,2.95,3.0300000000000002,533,102,2022-02-18,175,2022-04-01
345,2.46,2.58,1.6700000000000002,1.8800000000000001,625,136,2022-02-22,175,2022-04-01
346,2.14,2.19,1.2,1.24,1993,155,2022-02-23,175,2022-04-01
347,0.67,1.5,0.5900000000000001,1.4400000000000002,1084,194,2022-02-24,175,2022-04-01
348,1.73,1.73,1.1300000000000001,1.49,1020,164,2022-02-25,175,2022-04-01
349,1.5,1.62,1.25,1.62,1716,225,2022-02-28,175,2022-04-01
350,1.56,1.9700000000000002,1.29,1.4400000000000002,817,176,2022-03-01,175,2022-04-01
351,1.55,2.0500000000000003,1.29,1.86,1141,241,2022-03-02,175,2022-04-01
352,2.25,2.29,1.7100000000000002,1.75,2366,222,2022-03-03,175,2022-04-01
353,1.58,1.6800000000000002,1.1600000000000001,1.25,1243,216,2022-03-04,175,2022-04-01
354,1.21,1.5,0.79,0.8400000000000001,2220,345,2022-03-07,175,2022-04-01
355,0.7200000000000001,1.05,0.48000000000000004,0.54,1249,341,2022-03-08,175,2022-04-01
356,0.76,0.8400000000000001,0.53,0.77,2665,345,2022-03-09,175,2022-04-01
357,0.55,0.5700000000000001,0.3,0.39,1300,230,2022-03-10,175,2022-04-01
358,0.41000000000000003,0.41000000000000003,0.24000000000000002,0.27,2203,223,2022-03-11,175,2022-04-01
359,0.17,0.21000000000000002,0.13,0.15,4175,285,2022-03-14,175,2022-04-01
360,0.16,0.16,0.1,0.13,875,172,2022-03-15,175,2022-04-01
361,0.15,0.15,0.1,0.15,1037,172,2022-03-16,175,2022-04-01
362,0.13,0.15,0.1,0.13,486,109,2022-03-17,175,2022-04-01
363,0.13,0.25,0.11,0.22,2531,347,2022-03-18,175,2022-04-01
364,0.2,0.36000000000000004,0.15,0.26,3440,661,2022-03-21,175,2022-04-01
365,0.24000000000000002,0.65,0.21000000000000002,0.55,16343,2181,2022-03-22,175,2022-04-01
366,0.45,1.78,0.42000000000000004,0.9700000000000001,43101,7921,2022-03-23,175,2022-04-01
367,1.1700000000000002,2.0900000000000003,0.9800000000000001,2.04,57991,9866,2022-03-24,175,2022-04-01
368,2.0,2.6300000000000003,1.49,1.9700000000000002,111578,18142,2022-03-25,175,2022-04-01
369,1.09,2.33,1.0,2.19,128915,24522,2022-03-28,175,2022-04-01
370,2.77,4.5,2.54,4.4,54226,8986,2022-03-29,175,2022-04-01
371,4.1000000000000005,5.0,2.62,3.3000000000000003,12350,2285,2022-03-30,175,2022-04-01
372,3.3200000000000003,3.5500000000000003,0.8200000000000001,1.0,39303,8208,2022-03-31,175,2022-04-01
373,0.46,0.88,0.01,0.01,137731,14427,2022-04-01,175,2022-04-01
374,4.0,4.8500000000000005,3.4000000000000004,3.4000000000000004,120,14,2022-02-10,180,2022-04-01
375,3.3000000000000003,3.5,2.65,2.77,143,36,2022-02-11,180,2022-04-01
376,2.39,2.75,2.16,2.37,511,149,2022-02-14,180,2022-04-01
377,2.75,3.1500000000000004,2.56,3.1500000000000004,184,58,2022-02-15,180,2022-04-01
378,2.87,3.1500000000000004,2.47,2.91,237,52,2022-02-16,180,2022-04-01
379,2.64,2.8000000000000003,2.2,2.2,215,61,2022-02-17,180,2022-04-01
380,2.35,2.35,1.6,1.6400000000000001,273,85,2022-02-18,180,2022-04-01
381,1.2,1.33,0.8400000000000001,0.9600000000000001,4619,305,2022-02-22,180,2022-04-01
382,1.04,1.07,0.5900000000000001,0.61,1026,159,2022-02-23,180,2022-04-01
383,0.43,0.75,0.39,0.75,1765,162,2022-02-24,180,2022-04-01
384,0.8400000000000001,0.8400000000000001,0.55,0.6900000000000001,3320,216,2022-02-25,180,2022-04-01
385,0.6900000000000001,0.74,0.5800000000000001,0.7200000000000001,2900,211,2022-02-28,180,2022-04-01
386,0.7200000000000001,0.87,0.5900000000000001,0.67,11476,400,2022-03-01,180,2022-04-01
387,0.7200000000000001,0.9,0.5800000000000001,0.8200000000000001,12015,583,2022-03-02,180,2022-04-01
388,1.06,1.06,0.73,0.76,2804,273,2022-03-03,180,2022-04-01
389,0.7100000000000001,0.76,0.51,0.54,877,158,2022-03-04,180,2022-04-01
390,0.55,0.5900000000000001,0.36000000000000004,0.37,736,189,2022-03-07,180,2022-04-01
391,0.34,0.46,0.23,0.25,1405,224,2022-03-08,180,2022-04-01
392,0.3,0.32,0.21000000000000002,0.29000000000000004,3388,335,2022-03-09,180,2022-04-01
393,0.21000000000000002,0.22,0.14,0.18000000000000002,1164,206,2022-03-10,180,2022-04-01
394,0.18000000000000002,0.18000000000000002,0.12000000000000001,0.14,1341,133,2022-03-11,180,2022-04-01
395,0.08,0.12000000000000001,0.060000000000000005,0.09000000000000001,906,174,2022-03-14,180,2022-04-01
396,0.08,0.09000000000000001,0.05,0.060000000000000005,500,103,2022-03-15,180,2022-04-01
397,0.05,0.07,0.04,0.07,559,95,2022-03-16,180,2022-04-01
398,0.060000000000000005,0.060000000000000005,0.05,0.05,146,52,2022-03-17,180,2022-04-01
399,0.060000000000000005,0.09000000000000001,0.05,0.08,1360,203,2022-03-18,180,2022-04-01
400,0.08,0.1,0.05,0.07,1477,228,2022-03-21,180,2022-04-01
401,0.07,0.15,0.060000000000000005,0.13,4321,564,2022-03-22,180,2022-04-01
402,0.12000000000000001,0.55,0.1,0.29000000000000004,21327,3446,2022-03-23,180,2022-04-01
403,0.33,0.6,0.29000000000000004,0.5900000000000001,29397,4107,2022-03-24,180,2022-04-01
404,0.6,0.8300000000000001,0.35000000000000003,0.43,61676,8262,2022-03-25,180,2022-04-01
405,0.26,0.65,0.21000000000000002,0.49000000000000005,100433,14917,2022-03-28,180,2022-04-01
406,0.68,1.2,0.55,1.1700000000000002,197019,32568,2022-03-29,180,2022-04-01
407,0.9600000000000001,1.51,0.42000000000000004,0.5900000000000001,264026,41354,2022-03-30,180,2022-04-01
408,0.6,0.61,0.04,0.060000000000000005,144983,17766,2022-03-31,180,2022-04-01
409,0.01,0.060000000000000005,0.01,0.01,25436,2352,2022-04-01,180,2022-04-01
410,2.66,2.66,2.23,2.35,13,7,2022-02-10,185,2022-04-01
411,1.9600000000000002,1.9600000000000002,1.54,1.54,61,35,2022-02-11,185,2022-04-01
412,1.54,1.58,1.24,1.31,284,35,2022-02-14,185,2022-04-01
413,1.59,1.82,1.4000000000000001,1.78,1254,219,2022-02-15,185,2022-04-01
414,1.6300000000000001,1.74,1.3,1.52,791,123,2022-02-16,185,2022-04-01
415,1.36,1.5,1.1400000000000001,1.19,1076,78,2022-02-17,185,2022-04-01
416,1.23,1.23,0.8,0.89,193,86,2022-02-18,185,2022-04-01
417,0.67,0.67,0.42000000000000004,0.5,508,78,2022-02-22,185,2022-04-01
418,0.53,0.53,0.31,0.34,237,52,2022-02-23,185,2022-04-01
419,0.18000000000000002,0.39,0.18000000000000002,0.39,615,101,2022-02-24,185,2022-04-01
420,0.37,0.37,0.29000000000000004,0.32,783,96,2022-02-25,185,2022-04-01
421,0.31,0.35000000000000003,0.28,0.32,802,93,2022-02-28,185,2022-04-01
422,0.34,0.4,0.29000000000000004,0.3,442,90,2022-03-01,185,2022-04-01
423,0.32,0.39,0.28,0.37,457,80,2022-03-02,185,2022-04-01
424,0.4,0.43,0.32,0.32,489,79,2022-03-03,185,2022-04-01
425,0.32,0.34,0.24000000000000002,0.26,191,51,2022-03-04,185,2022-04-01
426,0.25,0.28,0.18000000000000002,0.19,358,104,2022-03-07,185,2022-04-01
427,0.17,0.2,0.13,0.14,691,132,2022-03-08,185,2022-04-01
428,0.17,0.17,0.1,0.12000000000000001,175,45,2022-03-09,185,2022-04-01
429,0.1,0.11,0.07,0.1,1059,104,2022-03-10,185,2022-04-01
430,0.1,0.1,0.07,0.08,149,44,2022-03-11,185,2022-04-01
431,0.08,0.08,0.05,0.05,273,41,2022-03-14,185,2022-04-01
432,0.060000000000000005,0.060000000000000005,0.04,0.04,186,38,2022-03-15,185,2022-04-01
433,0.030000000000000002,0.05,0.02,0.04,344,28,2022-03-16,185,2022-04-01
434,0.04,0.04,0.02,0.02,134,41,2022-03-17,185,2022-04-01
435,0.02,0.060000000000000005,0.02,0.04,1017,86,2022-03-18,185,2022-04-01
436,0.030000000000000002,0.04,0.02,0.030000000000000002,850,100,2022-03-21,185,2022-04-01
437,0.030000000000000002,0.05,0.02,0.05,1853,174,2022-03-22,185,2022-04-01
438,0.05,0.19,0.05,0.12000000000000001,4066,456,2022-03-23,185,2022-04-01
439,0.13,0.19,0.11,0.18000000000000002,5326,584,2022-03-24,185,2022-04-01
440,0.17,0.26,0.09000000000000001,0.1,7843,1160,2022-03-25,185,2022-04-01
441,0.08,0.17,0.060000000000000005,0.11,16368,1996,2022-03-28,185,2022-04-01
442,0.11,0.17,0.09000000000000001,0.13,33800,3307,2022-03-29,185,2022-04-01
443,0.08,0.24000000000000002,0.05,0.07,54889,4974,2022-03-30,185,2022-04-01
444,0.04,0.07,0.01,0.01,13301,1184,2022-03-31,185,2022-04-01
445,0.01,0.02,0.01,0.01,1258,118,2022-04-01,185,2022-04-01
446,1.5,1.5,1.19,1.19,36,9,2022-02-10,190,2022-04-01
447,1.1500000000000001,1.1500000000000001,0.92,0.9500000000000001,826,33,2022-02-11,190,2022-04-01
448,0.8200000000000001,0.91,0.6900000000000001,0.8200000000000001,40,20,2022-02-14,190,2022-04-01
449,0.8300000000000001,0.92,0.74,0.9,238,51,2022-02-15,190,2022-04-01
450,0.86,0.88,0.67,0.78,442,48,2022-02-16,190,2022-04-01
451,0.75,0.77,0.6,0.6,800,19,2022-02-17,190,2022-04-01
452,0.64,0.64,0.44,0.44,115,33,2022-02-18,190,2022-04-01
453,0.37,0.38,0.23,0.25,525,66,2022-02-22,190,2022-04-01
454,0.25,0.25,0.17,0.17,41,14,2022-02-23,190,2022-04-01
455,0.18000000000000002,0.23,0.16,0.22,46,17,2022-02-24,190,2022-04-01
456,0.22,0.22,0.15,0.17,151,27,2022-02-25,190,2022-04-01
457,0.17,0.18000000000000002,0.15,0.17,87,27,2022-02-28,190,2022-04-01
458,0.19,0.19,0.15,0.15,266,45,2022-03-01,190,2022-04-01
459,0.17,0.18000000000000002,0.13,0.17,757,61,2022-03-02,190,2022-04-01
460,0.19,0.19,0.11,0.17,180,34,2022-03-03,190,2022-04-01
461,0.15,0.16,0.13,0.13,314,50,2022-03-04,190,2022-04-01
462,0.14,0.14,0.1,0.1,307,42,2022-03-07,190,2022-04-01
463,0.1,0.12000000000000001,0.08,0.08,346,57,2022-03-08,190,2022-04-01
464,0.07,0.07,0.05,0.07,512,54,2022-03-09,190,2022-04-01
465,0.07,0.07,0.05,0.060000000000000005,375,11,2022-03-10,190,2022-04-01
466,0.04,0.060000000000000005,0.04,0.060000000000000005,11,5,2022-03-11,190,2022-04-01
467,0.05,0.05,0.02,0.030000000000000002,58,13,2022-03-14,190,2022-04-01
468,0.030000000000000002,0.04,0.02,0.02,38,19,2022-03-15,190,2022-04-01
469,0.02,0.030000000000000002,0.02,0.030000000000000002,88,19,2022-03-16,190,2022-04-01
470,0.02,0.030000000000000002,0.02,0.02,809,29,2022-03-17,190,2022-04-01
471,0.02,0.04,0.02,0.030000000000000002,886,51,2022-03-18,190,2022-04-01
472,0.030000000000000002,0.030000000000000002,0.01,0.02,253,28,2022-03-21,190,2022-04-01
473,0.02,0.030000000000000002,0.01,0.02,215,36,2022-03-22,190,2022-04-01
474,0.02,0.09000000000000001,0.02,0.07,3595,379,2022-03-23,190,2022-04-01
475,0.07,0.1,0.05,0.09000000000000001,1886,244,2022-03-24,190,2022-04-01
476,0.08,0.11,0.04,0.05,1658,306,2022-03-25,190,2022-04-01
477,0.04,0.060000000000000005,0.030000000000000002,0.04,5195,408,2022-03-28,190,2022-04-01
478,0.05,0.05,0.01,0.02,4289,388,2022-03-29,190,2022-04-01
479,0.02,0.05,0.01,0.02,3576,344,2022-03-30,190,2022-04-01
480,0.01,0.02,0.01,0.01,1210,86,2022-03-31,190,2022-04-01
481,0.01,0.01,0.01,0.01,7,4,2022-04-01,190,2022-04-01
482,0.92,0.92,0.7000000000000001,0.7100000000000001,23,7,2022-02-10,195,2022-04-01
483,0.77,0.77,0.53,0.5700000000000001,21,10,2022-02-11,195,2022-04-01
484,0.54,0.54,0.41000000000000003,0.45,18,8,2022-02-14,195,2022-04-01
485,0.43,0.45,0.38,0.41000000000000003,114,21,2022-02-15,195,2022-04-01
486,0.39,0.46,0.35000000000000003,0.41000000000000003,40,18,2022-02-16,195,2022-04-01
487,0.38,0.39,0.32,0.32,37,8,2022-02-17,195,2022-04-01
488,0.36000000000000004,0.37,0.24000000000000002,0.28,28,11,2022-02-18,195,2022-04-01
489,0.18000000000000002,0.18000000000000002,0.13,0.15,69,8,2022-02-22,195,2022-04-01
490,0.13,0.13,0.11,0.11,26,8,2022-02-23,195,2022-04-01
491,0.13,0.14,0.12000000000000001,0.12000000000000001,30,9,2022-02-24,195,2022-04-01
492,0.17,0.17,0.1,0.11,83,18,2022-02-25,195,2022-04-01
493,0.1,0.11,0.09000000000000001,0.1,119,15,2022-02-28,195,2022-04-01
494,0.11,0.11,0.09000000000000001,0.1,48,6,2022-03-01,195,2022-04-01
495,0.09000000000000001,0.11,0.09000000000000001,0.1,64,15,2022-03-02,195,2022-04-01
496,0.11,0.12000000000000001,0.08,0.1,17,10,2022-03-03,195,2022-04-01
497,0.08,0.09000000000000001,0.08,0.09000000000000001,6,4,2022-03-04,195,2022-04-01
498,0.1,0.1,0.07,0.07,16,7,2022-03-07,195,2022-04-01
499,0.07,0.07,0.05,0.060000000000000005,17,7,2022-03-08,195,2022-04-01
500,0.060000000000000005,0.060000000000000005,0.030000000000000002,0.05,139,25,2022-03-09,195,2022-04-01
501,0.04,0.05,0.030000000000000002,0.05,64,10,2022-03-10,195,2022-04-01
502,0.04,0.04,0.030000000000000002,0.04,85,20,2022-03-11,195,2022-04-01
503,0.04,0.05,0.02,0.030000000000000002,93,7,2022-03-14,195,2022-04-01
504,0.030000000000000002,0.030000000000000002,0.02,0.02,304,18,2022-03-15,195,2022-04-01
505,0.02,0.030000000000000002,0.02,0.030000000000000002,9,6,2022-03-16,195,2022-04-01
506,0.02,0.02,0.02,0.02,1,1,2022-03-17,195,2022-04-01
507,0.02,0.02,0.01,0.01,371,9,2022-03-18,195,2022-04-01
508,0.01,0.02,0.01,0.01,28,6,2022-03-21,195,2022-04-01
509,0.02,0.02,0.01,0.02,845,41,2022-03-22,195,2022-04-01
510,0.02,0.060000000000000005,0.02,0.04,968,92,2022-03-23,195,2022-04-01
511,0.05,0.05,0.030000000000000002,0.05,262,46,2022-03-24,195,2022-04-01
512,0.05,0.060000000000000005,0.02,0.02,1547,122,2022-03-25,195,2022-04-01
513,0.030000000000000002,0.05,0.01,0.01,2152,156,2022-03-28,195,2022-04-01
514,0.02,0.030000000000000002,0.01,0.01,953,95,2022-03-29,195,2022-04-01
515,0.02,0.02,0.01,0.01,208,43,2022-03-30,195,2022-04-01
516,0.01,0.01,0.01,0.01,1,1,2022-03-31,195,2022-04-01
517,0.01,0.01,0.01,0.01,65,2,2022-04-01,195,2022-04-01
518,0.52,0.52,0.4,0.4,18,5,2022-02-10,200,2022-04-01
519,0.33,0.38,0.33,0.35000000000000003,8,6,2022-02-11,200,2022-04-01
520,0.34,0.34,0.24000000000000002,0.26,29,9,2022-02-14,200,2022-04-01
521,0.25,0.25,0.22,0.24000000000000002,42,10,2022-02-15,200,2022-04-01
522,0.21000000000000002,0.22,0.2,0.22,11,8,2022-02-16,200,2022-04-01
523,0.22,0.22,0.19,0.2,33,13,2022-02-17,200,2022-04-01
524,0.15,0.17,0.15,0.15,42,11,2022-02-18,200,2022-04-01
525,0.14,0.14,0.09000000000000001,0.1,150,18,2022-02-22,200,2022-04-01
526,0.09000000000000001,0.09000000000000001,0.060000000000000005,0.060000000000000005,28,8,2022-02-23,200,2022-04-01
527,0.08,0.1,0.07,0.09000000000000001,40,16,2022-02-24,200,2022-04-01
528,0.1,0.1,0.08,0.08,14,5,2022-02-25,200,2022-04-01
529,0.07,0.07,0.060000000000000005,0.060000000000000005,30,5,2022-02-28,200,2022-04-01
530,0.07,0.08,0.060000000000000005,0.060000000000000005,18,5,2022-03-01,200,2022-04-01
531,0.07,0.08,0.05,0.07,51,11,2022-03-02,200,2022-04-01
532,0.060000000000000005,0.07,0.05,0.060000000000000005,115,20,2022-03-03,200,2022-04-01
533,0.060000000000000005,0.07,0.060000000000000005,0.07,18,5,2022-03-04,200,2022-04-01
534,0.060000000000000005,0.060000000000000005,0.04,0.04,111,18,2022-03-07,200,2022-04-01
535,0.05,0.060000000000000005,0.04,0.04,35,11,2022-03-08,200,2022-04-01
536,0.02,0.04,0.02,0.030000000000000002,22,11,2022-03-09,200,2022-04-01
537,0.04,0.04,0.04,0.04,3,1,2022-03-10,200,2022-04-01
538,0.04,0.04,0.04,0.04,1,1,2022-03-11,200,2022-04-01
539,0.030000000000000002,0.030000000000000002,0.02,0.02,52,4,2022-03-14,200,2022-04-01
540,0.01,0.02,0.01,0.02,37,7,2022-03-15,200,2022-04-01
541,0.02,0.02,0.02,0.02,2,2,2022-03-16,200,2022-04-01
542,0.02,0.02,0.02,0.02,100,5,2022-03-17,200,2022-04-01
543,0.02,0.02,0.01,0.01,30,9,2022-03-18,200,2022-04-01
544,0.01,0.01,0.01,0.01,120,15,2022-03-21,200,2022-04-01
545,0.01,0.02,0.01,0.02,66,34,2022-03-22,200,2022-04-01
546,0.01,0.04,0.01,0.030000000000000002,2296,159,2022-03-23,200,2022-04-01
547,0.030000000000000002,0.030000000000000002,0.02,0.030000000000000002,1553,126,2022-03-24,200,2022-04-01
548,0.04,0.05,0.02,0.02,1727,146,2022-03-25,200,2022-04-01
549,0.01,0.030000000000000002,0.01,0.01,1674,127,2022-03-28,200,2022-04-01
550,0.02,0.02,0.01,0.01,819,71,2022-03-29,200,2022-04-01
551,0.01,0.01,0.01,0.01,430,15,2022-03-30,200,2022-04-01
552,0.01,0.01,0.01,0.01,43,7,2022-03-31,200,2022-04-01
553,0.34,0.34,0.27,0.27,3,3,2022-02-10,205,2022-04-01
554,0.24000000000000002,0.24000000000000002,0.22,0.22,2,2,2022-02-11,205,2022-04-01
555,0.17,0.17,0.17,0.17,2,2,2022-02-14,205,2022-04-01
556,0.15,0.15,0.13,0.13,12,5,2022-02-15,205,2022-04-01
557,0.12000000000000001,0.12000000000000001,0.12000000000000001,0.12000000000000001,2,2,2022-02-16,205,2022-04-01
558,0.11,0.11,0.11,0.11,1,1,2022-02-17,205,2022-04-01
559,0.07,0.07,0.07,0.07,1,1,2022-02-22,205,2022-04-01
560,0.05,0.07,0.04,0.07,3,3,2022-02-23,205,2022-04-01
561,0.060000000000000005,0.060000000000000005,0.060000000000000005,0.060000000000000005,10,3,2022-02-25,205,2022-04-01
562,0.07,0.07,0.07,0.07,1,1,2022-02-28,205,2022-04-01
563,0.08,0.08,0.08,0.08,1,1,2022-03-02,205,2022-04-01
564,0.060000000000000005,0.060000000000000005,0.05,0.05,202,21,2022-03-04,205,2022-04-01
565,0.04,0.04,0.030000000000000002,0.030000000000000002,3,3,2022-03-08,205,2022-04-01
566,0.02,0.02,0.02,0.02,3,2,2022-03-09,205,2022-04-01
567,0.030000000000000002,0.030000000000000002,0.030000000000000002,0.030000000000000002,7,2,2022-03-10,205,2022-04-01
568,0.030000000000000002,0.04,0.02,0.04,346,25,2022-03-11,205,2022-04-01
569,0.030000000000000002,0.030000000000000002,0.01,0.01,5,3,2022-03-14,205,2022-04-01
570,0.01,0.01,0.01,0.01,47,7,2022-03-15,205,2022-04-01
571,0.02,0.02,0.02,0.02,3,2,2022-03-16,205,2022-04-01
572,0.01,0.01,0.01,0.01,1,1,2022-03-17,205,2022-04-01
573,0.01,0.01,0.01,0.01,8,4,2022-03-18,205,2022-04-01
574,0.01,0.02,0.01,0.01,301,14,2022-03-22,205,2022-04-01
575,0.01,0.02,0.01,0.01,235,14,2022-03-23,205,2022-04-01
576,0.01,0.030000000000000002,0.01,0.030000000000000002,425,26,2022-03-24,205,2022-04-01
577,0.02,0.030000000000000002,0.01,0.01,845,47,2022-03-25,205,2022-04-01
578,0.02,0.02,0.01,0.01,1175,69,2022-03-28,205,2022-04-01
579,0.01,0.01,0.01,0.01,45,15,2022-03-29,205,2022-04-01
580,0.01,0.01,0.01,0.01,3,2,2022-03-30,205,2022-04-01
581,0.01,0.01,0.01,0.01,2,1,2022-03-31,205,2022-04-01
582,0.01,0.01,0.01,0.01,1,1,2022-04-01,205,2022-04-01
583,0.16,0.18000000000000002,0.15,0.15,723,30,2022-02-11,210,2022-04-01
584,0.14,0.14,0.14,0.14,1,1,2022-02-14,210,2022-04-01
585,0.1,0.1,0.1,0.1,2,2,2022-02-16,210,2022-04-01
586,0.08,0.08,0.08,0.08,31,2,2022-02-18,210,2022-04-01
587,0.07,0.07,0.07,0.07,5,1,2022-02-25,210,2022-04-01
588,0.04,0.05,0.04,0.05,112,3,2022-02-28,210,2022-04-01
589,0.04,0.05,0.04,0.05,9,4,2022-03-01,210,2022-04-01
590,0.030000000000000002,0.030000000000000002,0.030000000000000002,0.030000000000000002,10,1,2022-03-02,210,2022-04-01
591,0.04,0.04,0.04,0.04,2,2,2022-03-03,210,2022-04-01
592,0.04,0.04,0.04,0.04,4,1,2022-03-04,210,2022-04-01
593,0.04,0.04,0.030000000000000002,0.030000000000000002,17,4,2022-03-08,210,2022-04-01
594,0.02,0.02,0.02,0.02,2,1,2022-03-10,210,2022-04-01
595,0.02,0.02,0.02,0.02,77,5,2022-03-14,210,2022-04-01
596,0.01,0.01,0.01,0.01,37,8,2022-03-15,210,2022-04-01
597,0.01,0.01,0.01,0.01,55,3,2022-03-16,210,2022-04-01
598,0.01,0.01,0.01,0.01,1,1,2022-03-17,210,2022-04-01
599,0.01,0.01,0.01,0.01,5,2,2022-03-18,210,2022-04-01
600,0.01,0.02,0.01,0.01,48,15,2022-03-23,210,2022-04-01
601,0.02,0.02,0.01,0.02,43,13,2022-03-24,210,2022-04-01
602,0.02,0.030000000000000002,0.01,0.01,165,30,2022-03-25,210,2022-04-01
603,0.01,0.02,0.01,0.01,4078,625,2022-03-28,210,2022-04-01
604,0.01,0.01,0.01,0.01,404,151,2022-03-29,210,2022-04-01
605,0.01,0.01,0.01,0.01,211,59,2022-03-30,210,2022-04-01
606,0.01,0.01,0.01,0.01,13,5,2022-03-31,210,2022-04-01
607,0.24000000000000002,0.24000000000000002,0.24000000000000002,0.24000000000000002,1,1,2022-02-10,215,2022-04-01
608,0.11,0.11,0.11,0.11,1,1,2022-02-11,215,2022-04-01
609,0.07,0.09000000000000001,0.07,0.09000000000000001,11,2,2022-02-14,215,2022-04-01
610,0.060000000000000005,0.060000000000000005,0.060000000000000005,0.060000000000000005,3,2,2022-02-15,215,2022-04-01
611,0.02,0.02,0.02,0.02,50,1,2022-02-18,215,2022-04-01
612,0.030000000000000002,0.030000000000000002,0.030000000000000002,0.030000000000000002,1,1,2022-02-22,215,2022-04-01
613,0.05,0.05,0.05,0.05,2,1,2022-02-24,215,2022-04-01
614,0.05,0.05,0.05,0.05,36,2,2022-02-25,215,2022-04-01
615,0.04,0.04,0.04,0.04,41,2,2022-02-28,215,2022-04-01
616,0.030000000000000002,0.030000000000000002,0.02,0.030000000000000002,26,7,2022-03-07,215,2022-04-01
617,0.02,0.030000000000000002,0.02,0.030000000000000002,37,8,2022-03-08,215,2022-04-01
618,0.02,0.02,0.01,0.01,62,7,2022-03-14,215,2022-04-01
619,0.01,0.01,0.01,0.01,5,4,2022-03-15,215,2022-04-01
620,0.01,0.01,0.01,0.01,7,4,2022-03-16,215,2022-04-01
621,0.01,0.01,0.01,0.01,1,1,2022-03-21,215,2022-04-01
622,0.01,0.01,0.01,0.01,849,30,2022-03-23,215,2022-04-01
623,0.01,0.01,0.01,0.01,245,20,2022-03-24,215,2022-04-01
624,0.01,0.01,0.01,0.01,110,21,2022-03-25,215,2022-04-01
625,0.01,0.01,0.01,0.01,11,5,2022-03-28,215,2022-04-01
626,0.01,0.01,0.01,0.01,2,2,2022-03-31,215,2022-04-01
627,0.1,0.1,0.1,0.1,2,2,2022-02-11,220,2022-04-01
628,0.1,0.1,0.1,0.1,2,1,2022-02-14,220,2022-04-01
629,0.05,0.05,0.05,0.05,5,1,2022-02-18,220,2022-04-01
630,0.01,0.05,0.01,0.05,2,2,2022-02-22,220,2022-04-01
631,0.07,0.07,0.07,0.07,1,1,2022-02-23,220,2022-04-01
632,0.02,0.030000000000000002,0.02,0.030000000000000002,6,2,2022-03-08,220,2022-04-01
633,0.02,0.02,0.02,0.02,10,2,2022-03-10,220,2022-04-01
634,0.02,0.02,0.02,0.02,93,10,2022-03-11,220,2022-04-01
635,0.01,0.01,0.01,0.01,1,1,2022-03-14,220,2022-04-01
636,0.01,0.01,0.01,0.01,3,3,2022-03-16,220,2022-04-01
637,0.01,0.01,0.01,0.01,3,1,2022-03-21,220,2022-04-01
638,0.01,0.01,0.01,0.01,116,7,2022-03-23,220,2022-04-01
639,0.01,0.01,0.01,0.01,26,1,2022-03-25,220,2022-04-01
640,0.01,0.01,0.01,0.01,1,1,2022-03-28,220,2022-04-01
641,0.01,0.01,0.01,0.01,5,1,2022-03-31,220,2022-04-01
642,0.07,0.07,0.07,0.07,2,2,2022-02-11,225,2022-04-01
643,0.07,0.07,0.07,0.07,4,1,2022-02-14,225,2022-04-01
644,0.04,0.05,0.04,0.05,3,2,2022-02-22,225,2022-04-01
645,0.01,0.01,0.01,0.01,2,1,2022-02-24,225,2022-04-01
646,0.030000000000000002,0.030000000000000002,0.030000000000000002,0.030000000000000002,30,1,2022-02-25,225,2022-04-01
647,0.02,0.02,0.02,0.02,1,1,2022-02-28,225,2022-04-01
648,0.05,0.05,0.02,0.02,101,10,2022-03-02,225,2022-04-01
649,0.02,0.02,0.02,0.02,150,9,2022-03-04,225,2022-04-01
650,0.02,0.02,0.02,0.02,305,14,2022-03-07,225,2022-04-01
651,0.02,0.02,0.02,0.02,2,1,2022-03-10,225,2022-04-01
652,0.01,0.01,0.01,0.01,10,1,2022-03-14,225,2022-04-01
653,0.01,0.01,0.01,0.01,2,2,2022-03-16,225,2022-04-01
654,0.01,0.01,0.01,0.01,1,1,2022-03-29,225,2022-04-01
655,0.030000000000000002,0.030000000000000002,0.030000000000000002,0.030000000000000002,90,2,2022-02-28,230,2022-04-01
656,0.05,0.05,0.05,0.05,1,1,2022-03-02,230,2022-04-01
657,0.02,0.02,0.02,0.02,100,8,2022-03-07,230,2022-04-01
658,0.01,0.01,0.01,0.01,1,1,2022-03-08,230,2022-04-01
659,0.01,0.01,0.01,0.01,4,1,2022-03-15,230,2022-04-01
660,0.01,0.01,0.01,0.01,1,1,2022-03-18,230,2022-04-01
661,0.01,0.01,0.01,0.01,1,1,2022-03-25,230,2022-04-01
662,0.01,0.01,0.01,0.01,4,2,2022-03-28,230,2022-04-01
663,0.030000000000000002,0.030000000000000002,0.030000000000000002,0.030000000000000002,9,1,2022-02-24,235,2022-04-01
664,0.04,0.04,0.04,0.04,1,1,2022-02-25,235,2022-04-01
665,0.02,0.02,0.02,0.02,9,1,2022-02-28,235,2022-04-01
666,0.02,0.02,0.02,0.02,2,1,2022-03-03,235,2022-04-01
667,0.01,0.01,0.01,0.01,3,1,2022-03-04,235,2022-04-01
668,0.04,0.04,0.04,0.04,1,1,2022-02-17,240,2022-04-01
669,0.030000000000000002,0.030000000000000002,0.030000000000000002,0.030000000000000002,290,3,2022-02-28,240,2022-04-01
670,0.01,0.01,0.01,0.01,1,1,2022-03-09,240,2022-04-01
671,0.01,0.01,0.01,0.01,1,1,2022-03-14,240,2022-04-01
672,0.01,0.01,0.01,0.01,1,1,2022-03-28,240,2022-04-01
673,0.030000000000000002,0.030000000000000002,0.030000000000000002,0.030000000000000002,90,1,2022-02-25,245,2022-04-01
